patient,TC,HDL,TGL,BNP,GAL3,Trop,HCO3,Cr,CRP,GLU,K,LP(A),NA,UREA
1,0.382693689,0.326226284,0.425869156,0.248853582,0.24211554,0.522134357,0.278518212,0.505647566,0.800444123,0.389191567,0.372982639,0.06221399,0.596435365,0.359772092
2,0.359878433,0.28587227,0.50693423,0.680361356,0.438877636,0.627659203,0.311752484,0.655346246,0.381708804,0.147562344,0.308804006,0.963078941,0.863523298,0.604154996
3,0.30191495,0.410990803,0.849404604,0.835156732,0.740672396,0.55661874,0.615502093,0.732367711,0.78936325,0.390459514,0.328188251,0.463961857,0.462241389,0.670735855
4,0.729634818,0.377728046,0.718853325,0.89290863,0.321043702,0.640081446,0.536090228,0.159001514,0.683151673,0.996212748,0.236640904,0.610205362,0.69039627,0.719086178